[
  {
    "url": "keyboard.sh.htm?language=be_BY&lang=be&keyboard=by&timezone=Europe/Minsk",
    "name": "Belarusian - Belarus",
    "nameOrig": "беларуская мова",
    "flag": "/usr/share/circle-flags-svg/by.svg",
    "code": "be_BY"
  },
  {
    "url": "keyboard.sh.htm?language=bg_BG&lang=bg&keyboard=bg&timezone=Europe/Sofia",
    "name": "Bulgarian - Bulgaria",
    "nameOrig": "български език",
    "flag": "/usr/share/circle-flags-svg/bg.svg",
    "code": "bg_BG"
  },
  {
    "url": "keyboard.sh.htm?language=zh_CN&lang=zh&keyboard=us&timezone=Asia/Shanghai",
    "name": "Chinese - China",
    "nameOrig": "中文 (Zhōngwén) 汉语 漢語",
    "flag": "/usr/share/circle-flags-svg/cn.svg",
    "code": "zh_CN"
  },
  {
    "url": "keyboard.sh.htm?language=zh_HK&lang=zh&keyboard=us&timezone=Asia/Hong_Kong",
    "name": "Chinese - Hong Kong SAR",
    "nameOrig": "中文 (Zhōngwén) 汉语 漢語",
    "flag": "/usr/share/circle-flags-svg/hk.svg",
    "code": "zh_HK"
  },
  {
    "url": "keyboard.sh.htm?language=zh_SG&lang=zh&keyboard=us&timezone=Asia/Singapore",
    "name": "Chinese - Singapore",
    "nameOrig": "中文 (Zhōngwén) 汉语 漢語",
    "flag": "/usr/share/circle-flags-svg/sg.svg",
    "code": "zh_SG"
  },
  {
    "url": "keyboard.sh.htm?language=zh_TW&lang=zh&keyboard=us&timezone=Asia/Taipei",
    "name": "Chinese - Taiwan",
    "nameOrig": "中文 (Zhōngwén) 汉语 漢語",
    "flag": "/usr/share/circle-flags-svg/tw.svg",
    "code": "zh_TW"
  },
  {
    "url": "keyboard.sh.htm?language=hr_HR&lang=hr&keyboard=hr&timezone=Europe/Zagreb",
    "name": "Croatian - Croatia",
    "nameOrig": "hrvatski jezik",
    "flag": "/usr/share/circle-flags-svg/hr.svg",
    "code": "hr_HR"
  },
  {
    "url": "keyboard.sh.htm?language=cs_CZ&lang=cs&keyboard=cz&timezone=Europe/Prague",
    "name": "Czech - Czech Republic",
    "nameOrig": "čeština český jazyk",
    "flag": "/usr/share/circle-flags-svg/cz.svg",
    "code": "cs_CZ"
  },
  {
    "url": "keyboard.sh.htm?language=da_DK&lang=da&keyboard=dk&timezone=Europe/Copenhagen",
    "name": "Danish - Denmark",
    "nameOrig": "dansk",
    "flag": "/usr/share/circle-flags-svg/dk.svg",
    "code": "da_DK"
  },
  {
    "url": "keyboard.sh.htm?language=nl_BE&lang=nl&keyboard=be&timezone=Europe/Brussels",
    "name": "Dutch - Belgium",
    "nameOrig": "Nederlands Vlaams",
    "flag": "/usr/share/circle-flags-svg/be.svg",
    "code": "nl_BE"
  },
  {
    "url": "keyboard.sh.htm?language=nl_NL&lang=nl&keyboard=us&timezone=Europe/Amsterdam",
    "name": "Dutch - The Netherlands",
    "nameOrig": "Nederlands Vlaams",
    "flag": "/usr/share/circle-flags-svg/nl.svg",
    "code": "nl_NL"
  },
  {
    "url": "keyboard.sh.htm?language=en_AU&lang=en&keyboard=us&timezone=Australia/Sydney",
    "name": "English - Australia",
    "nameOrig": "English",
    "flag": "/usr/share/circle-flags-svg/au.svg",
    "code": "en_AU"
  },
  {
    "url": "keyboard.sh.htm?language=en_CA&lang=en&keyboard=us&timezone=America/Toronto",
    "name": "English - Canada",
    "nameOrig": "English",
    "flag": "/usr/share/circle-flags-svg/ca.svg",
    "code": "en_CA"
  },
  {
    "url": "keyboard.sh.htm?language=en_GB&lang=en&keyboard=gb&timezone=Europe/London",
    "name": "English - United Kingdom",
    "nameOrig": "English",
    "flag": "/usr/share/circle-flags-svg/gb.svg",
    "code": "en_GB"
  },
  {
    "url": "keyboard.sh.htm?language=en_IE&lang=en&keyboard=ie&timezone=Europe/Dublin",
    "name": "English - Ireland",
    "nameOrig": "English",
    "flag": "/usr/share/circle-flags-svg/ie.svg",
    "code": "en_IE"
  },
  {
    "url": "keyboard.sh.htm?language=en_NZ&lang=en&keyboard=us&timezone=Pacific/Auckland",
    "name": "English - New Zealand",
    "nameOrig": "English",
    "flag": "/usr/share/circle-flags-svg/nz.svg",
    "code": "en_NZ"
  },
  {
    "url": "keyboard.sh.htm?language=en_PH&lang=en&keyboard=us&timezone=Asia/Manila",
    "name": "English - Philippines",
    "nameOrig": "English",
    "flag": "/usr/share/circle-flags-svg/ph.svg",
    "code": "en_PH"
  },
  {
    "url": "keyboard.sh.htm?language=en_US&lang=en&keyboard=us&timezone=America/New_York",
    "name": "English - United States",
    "nameOrig": "English",
    "flag": "/usr/share/circle-flags-svg/us.svg",
    "code": "en_US"
  },
  {
    "url": "keyboard.sh.htm?language=en_ZA&lang=en&keyboard=us&timezone=Africa/Johannesburg",
    "name": "English - South Africa",
    "nameOrig": "English",
    "flag": "/usr/share/circle-flags-svg/za.svg",
    "code": "en_ZA"
  },
  {
    "url": "keyboard.sh.htm?language=en_ZW&lang=en&keyboard=us&timezone=Africa/Harare",
    "name": "English - Zimbabwe",
    "nameOrig": "English",
    "flag": "/usr/share/circle-flags-svg/zw.svg",
    "code": "en_ZW"
  },
  {
    "url": "keyboard.sh.htm?language=et_EE&lang=et&keyboard=ee&timezone=Europe/Tallinn",
    "name": "Estonian - Estonia",
    "nameOrig": "eesti eesti keel",
    "flag": "/usr/share/circle-flags-svg/ee.svg",
    "code": "et_EE"
  },
  {
    "url": "keyboard.sh.htm?language=fi_FI&lang=fi&keyboard=fi&timezone=Europe/Helsinki",
    "name": "Finnish - Finland",
    "nameOrig": "suomi suomen kieli",
    "flag": "/usr/share/circle-flags-svg/fi.svg",
    "code": "fi_FI"
  },
  {
    "url": "keyboard.sh.htm?language=fr_BE&lang=fr&keyboard=be&timezone=Europe/Brussels",
    "name": "French - Belgium",
    "nameOrig": "français langue française",
    "flag": "/usr/share/circle-flags-svg/be.svg",
    "code": "fr_BE"
  },
  {
    "url": "keyboard.sh.htm?language=fr_CA&lang=fr&keyboard=ca&timezone=America/Toronto",
    "name": "French - Canada",
    "nameOrig": "français langue française",
    "flag": "/usr/share/circle-flags-svg/ca.svg",
    "code": "fr_CA"
  },
  {
    "url": "keyboard.sh.htm?language=fr_CH&lang=fr&keyboard=ch&timezone=Europe/Zurich",
    "name": "French - Switzerland",
    "nameOrig": "français langue française",
    "flag": "/usr/share/circle-flags-svg/ch.svg",
    "code": "fr_CH"
  },
  {
    "url": "keyboard.sh.htm?language=fr_FR&lang=fr&keyboard=fr&timezone=Europe/Paris",
    "name": "French - France",
    "nameOrig": "français langue française",
    "flag": "/usr/share/circle-flags-svg/fr.svg",
    "code": "fr_FR"
  },
  {
    "url": "keyboard.sh.htm?language=fr_LU&lang=fr&keyboard=fr&timezone=Europe/Luxembourg",
    "name": "French - Luxembourg",
    "nameOrig": "français langue française",
    "flag": "/usr/share/circle-flags-svg/lu.svg",
    "code": "fr_LU"
  },
  {
    "url": "keyboard.sh.htm?language=de_DE&lang=de&keyboard=de&timezone=Europe/Berlin",
    "name": "German - Germany",
    "nameOrig": "Deutsch",
    "flag": "/usr/share/circle-flags-svg/de.svg",
    "code": "de_DE"
  },
  {
    "url": "keyboard.sh.htm?language=de_AT&lang=de&keyboard=de&timezone=Europe/Vienna",
    "name": "German - Austria",
    "nameOrig": "Deutsch",
    "flag": "/usr/share/circle-flags-svg/at.svg",
    "code": "de_AT"
  },
  {
    "url": "keyboard.sh.htm?language=de_CH&lang=de&keyboard=de_CH-latin1&timezone=Europe/Zurich",
    "name": "German - Switzerland",
    "nameOrig": "Deutsch",
    "flag": "/usr/share/circle-flags-svg/ch.svg",
    "code": "de_CH"
  },
  {
    "url": "keyboard.sh.htm?language=de_LI&lang=de&keyboard=de&timezone=Europe/Vaduz",
    "name": "German - Liechtenstein",
    "nameOrig": "Deutsch",
    "flag": "/usr/share/circle-flags-svg/li.svg",
    "code": "de_LI"
  },
  {
    "url": "keyboard.sh.htm?language=de_LU&lang=de&keyboard=de&timezone=Europe/Luxembourg",
    "name": "German - Luxembourg",
    "nameOrig": "Deutsch",
    "flag": "/usr/share/circle-flags-svg/lu.svg",
    "code": "de_LU"
  },
  {
    "url": "keyboard.sh.htm?language=el_GR&lang=el&keyboard=gr&timezone=Europe/Athens",
    "name": "Greek - Greece",
    "nameOrig": "ελληνικά",
    "flag": "/usr/share/circle-flags-svg/gr.svg",
    "code": "el_GR"
  },
  {
    "url": "keyboard.sh.htm?language=he_IL&lang=he&keyboard=il&timezone=Asia/Jerusalem",
    "name": "Hebrew - Israel",
    "nameOrig": "עברית",
    "flag": "/usr/share/circle-flags-svg/il.svg",
    "code": "he_IL"
  },
  {
    "url": "keyboard.sh.htm?language=hu_HU&lang=hu&keyboard=hu&timezone=Europe/Budapest",
    "name": "Hungarian - Hungary",
    "nameOrig": "magyar",
    "flag": "/usr/share/circle-flags-svg/hu.svg",
    "code": "hu_HU"
  },
  {
    "url": "keyboard.sh.htm?language=is_IS&lang=is&keyboard=is&timezone=Atlantic/Reykjavik",
    "name": "Icelandic - Iceland",
    "nameOrig": "Íslenska",
    "flag": "/usr/share/circle-flags-svg/is.svg",
    "code": "is_IS"
  },
  {
    "url": "keyboard.sh.htm?language=it_CH&lang=it&keyboard=it&timezone=Europe/Zurich",
    "name": "Italian - Switzerland",
    "nameOrig": "italiano",
    "flag": "/usr/share/circle-flags-svg/ch.svg",
    "code": "it_CH"
  },
  {
    "url": "keyboard.sh.htm?language=it_IT&lang=it&keyboard=it&timezone=Europe/Rome",
    "name": "Italian - Italy",
    "nameOrig": "italiano",
    "flag": "/usr/share/circle-flags-svg/it.svg",
    "code": "it_IT"
  },
  {
    "url": "keyboard.sh.htm?language=ja_JP&lang=ja&keyboard=jp&timezone=Asia/Tokyo",
    "name": "Japanese - Japan",
    "nameOrig": "日本語 (にほんご)",
    "flag": "/usr/share/circle-flags-svg/jp.svg",
    "code": "ja_JP"
  },
  {
    "url": "keyboard.sh.htm?language=ko_KR&lang=ko&keyboard=kr&timezone=Asia/Seoul",
    "name": "Korean - Korea",
    "nameOrig": "한국어 조선어",
    "flag": "/usr/share/circle-flags-svg/kr.svg",
    "code": "ko_KR"
  },
  {
    "url": "keyboard.sh.htm?language=nb_NO&lang=nb&keyboard=no&timezone=Europe/Oslo",
    "name": "Norwegian (Bokmål) - Norway",
    "nameOrig": "Norsk bokmål",
    "flag": "/usr/share/circle-flags-svg/no.svg",
    "code": "nb_NO"
  },
  {
    "url": "keyboard.sh.htm?language=nn_NO&lang=nn&keyboard=no&timezone=Europe/Oslo",
    "name": "Norwegian (Nynorsk) - Norway",
    "nameOrig": "Norsk nynorsk",
    "flag": "/usr/share/circle-flags-svg/no.svg",
    "code": "nn_NO"
  },
  {
    "url": "keyboard.sh.htm?language=pl_PL&lang=pl&keyboard=pl&timezone=Europe/Warsaw",
    "name": "Polish - Poland",
    "nameOrig": "język polski polszczyzna",
    "flag": "/usr/share/circle-flags-svg/pl.svg",
    "code": "pl_PL"
  },
  {
    "url": "keyboard.sh.htm?language=pt_BR&lang=pt&keyboard=br&timezone=America/Sao_Paulo",
    "name": "Portuguese - Brazil",
    "nameOrig": "Português do Brasil",
    "flag": "/usr/share/circle-flags-svg/br.svg",
    "code": "pt_BR"
  },
  {
    "url": "keyboard.sh.htm?language=pt_PT&lang=pt&keyboard=pt&timezone=Europe/Lisbon",
    "name": "Portuguese - Portugal",
    "nameOrig": "Português",
    "flag": "/usr/share/circle-flags-svg/pt.svg",
    "code": "pt_PT"
  },
  {
    "url": "keyboard.sh.htm?language=ro_RO&lang=ro&keyboard=ro&timezone=Europe/Bucharest",
    "name": "Romanian - Romania",
    "nameOrig": "limba română",
    "flag": "/usr/share/circle-flags-svg/ro.svg",
    "code": "ro_RO"
  },
  {
    "url": "keyboard.sh.htm?language=ru_RU&lang=ru&keyboard=ru&timezone=Europe/Moscow",
    "name": "Russian - Russia",
    "nameOrig": "русский язык",
    "flag": "/usr/share/circle-flags-svg/ru.svg",
    "code": "ru_RU"
  },
  {
    "url": "keyboard.sh.htm?language=sk_SK&lang=sk&keyboard=sk&timezone=Europe/Bratislava",
    "name": "Slovak - Slovakia",
    "nameOrig": "slovenčina slovenský jazyk",
    "flag": "/usr/share/circle-flags-svg/sk.svg",
    "code": "sk_SK"
  },
  {
    "url": "keyboard.sh.htm?language=sl_SI&lang=sl&keyboard=si&timezone=Europe/Ljubljana",
    "name": "Slovenian - Slovenia",
    "nameOrig": "slovenski jezik slovenščina",
    "flag": "/usr/share/circle-flags-svg/si.svg",
    "code": "sl_SI"
  },
  {
    "url": "keyboard.sh.htm?language=es_AR&lang=es&keyboard=latam&timezone=America/Argentina/Buenos_Aires",
    "name": "Spanish - Argentina",
    "nameOrig": "español castellano",
    "flag": "/usr/share/circle-flags-svg/ar.svg",
    "code": "es_AR"
  },
  {
    "url": "keyboard.sh.htm?language=es_BO&lang=es&keyboard=latam&timezone=America/La_Paz",
    "name": "Spanish - Bolivia",
    "nameOrig": "español castellano",
    "flag": "/usr/share/circle-flags-svg/bo.svg",
    "code": "es_BO"
  },
  {
    "url": "keyboard.sh.htm?language=es_CL&lang=es&keyboard=latam&timezone=America/Santiago",
    "name": "Spanish - Chile",
    "nameOrig": "español castellano",
    "flag": "/usr/share/circle-flags-svg/cl.svg",
    "code": "es_CL"
  },
  {
    "url": "keyboard.sh.htm?language=es_CO&lang=es&keyboard=latam&timezone=America/Bogota",
    "name": "Spanish - Colombia",
    "nameOrig": "español castellano",
    "flag": "/usr/share/circle-flags-svg/co.svg",
    "code": "es_CO"
  },
  {
    "url": "keyboard.sh.htm?language=es_CR&lang=es&keyboard=latam&timezone=America/Costa_Rica",
    "name": "Spanish - Costa Rica",
    "nameOrig": "español castellano",
    "flag": "/usr/share/circle-flags-svg/cr.svg",
    "code": "es_CR"
  },
  {
    "url": "keyboard.sh.htm?language=es_DO&lang=es&keyboard=latam&timezone=America/Santo_Domingo",
    "name": "Spanish - Dominican Republic",
    "nameOrig": "español castellano",
    "flag": "/usr/share/circle-flags-svg/do.svg",
    "code": "es_DO"
  },
  {
    "url": "keyboard.sh.htm?language=es_EC&lang=es&keyboard=latam&timezone=America/Guayaquil",
    "name": "Spanish - Ecuador",
    "nameOrig": "español castellano",
    "flag": "/usr/share/circle-flags-svg/ec.svg",
    "code": "es_EC"
  },
  {
    "url": "keyboard.sh.htm?language=es_ES&lang=es&keyboard=es&timezone=Europe/Madrid",
    "name": "Spanish - Spain",
    "nameOrig": "español castellano",
    "flag": "/usr/share/circle-flags-svg/es.svg",
    "code": "es_ES"
  },
  {
    "url": "keyboard.sh.htm?language=es_GT&lang=es&keyboard=latam&timezone=America/Guatemala",
    "name": "Spanish - Guatemala",
    "nameOrig": "español castellano",
    "flag": "/usr/share/circle-flags-svg/gt.svg",
    "code": "es_GT"
  },
  {
    "url": "keyboard.sh.htm?language=es_HN&lang=es&keyboard=latam&timezone=America/Tegucigalpa",
    "name": "Spanish - Honduras",
    "nameOrig": "español castellano",
    "flag": "/usr/share/circle-flags-svg/hn.svg",
    "code": "es_HN"
  },
  {
    "url": "keyboard.sh.htm?language=es_MX&lang=es&keyboard=latam&timezone=America/Mexico_City",
    "name": "Spanish - Mexico",
    "nameOrig": "español castellano",
    "flag": "/usr/share/circle-flags-svg/mx.svg",
    "code": "es_MX"
  },
  {
    "url": "keyboard.sh.htm?language=es_NI&lang=es&keyboard=latam&timezone=America/Managua",
    "name": "Spanish - Nicaragua",
    "nameOrig": "español castellano",
    "flag": "/usr/share/circle-flags-svg/ni.svg",
    "code": "es_NI"
  },
  {
    "url": "keyboard.sh.htm?language=es_PA&lang=es&keyboard=latam&timezone=America/Panama",
    "name": "Spanish - Panama",
    "nameOrig": "español castellano",
    "flag": "/usr/share/circle-flags-svg/pa.svg",
    "code": "es_PA"
  },
  {
    "url": "keyboard.sh.htm?language=es_PE&lang=es&keyboard=latam&timezone=America/Lima",
    "name": "Spanish - Peru",
    "nameOrig": "español castellano",
    "flag": "/usr/share/circle-flags-svg/pe.svg",
    "code": "es_PE"
  },
  {
    "url": "keyboard.sh.htm?language=es_PR&lang=es&keyboard=latam&timezone=America/Puerto_Rico",
    "name": "Spanish - Puerto Rico",
    "nameOrig": "español castellano",
    "flag": "/usr/share/circle-flags-svg/pr.svg",
    "code": "es_PR"
  },
  {
    "url": "keyboard.sh.htm?language=es_PY&lang=es&keyboard=latam&timezone=America/Asuncion",
    "name": "Spanish - Paraguay",
    "nameOrig": "español castellano",
    "flag": "/usr/share/circle-flags-svg/py.svg",
    "code": "es_PY"
  },
  {
    "url": "keyboard.sh.htm?language=es_SV&lang=es&keyboard=latam&timezone=America/El_Salvador",
    "name": "Spanish - El Salvador",
    "nameOrig": "español castellano",
    "flag": "/usr/share/circle-flags-svg/sv.svg",
    "code": "es_SV"
  },
  {
    "url": "keyboard.sh.htm?language=es_UY&lang=es&keyboard=latam&timezone=America/Montevideo",
    "name": "Spanish - Uruguay",
    "nameOrig": "español castellano",
    "flag": "/usr/share/circle-flags-svg/uy.svg",
    "code": "es_UY"
  },
  {
    "url": "keyboard.sh.htm?language=es_VE&lang=es&keyboard=latam&timezone=America/Caracas",
    "name": "Spanish - Venezuela",
    "nameOrig": "español castellano",
    "flag": "/usr/share/circle-flags-svg/ve.svg",
    "code": "es_VE"
  },
  {
    "url": "keyboard.sh.htm?language=sv_FI&lang=sv&keyboard=se&timezone=Europe/Helsinki",
    "name": "Swedish - Finland",
    "nameOrig": "Svenska",
    "flag": "/usr/share/circle-flags-svg/fi.svg",
    "code": "sv_FI"
  },
  {
    "url": "keyboard.sh.htm?language=sv_SE&lang=sv&keyboard=se&timezone=Europe/Stockholm",
    "name": "Swedish - Sweden",
    "nameOrig": "Svenska",
    "flag": "/usr/share/circle-flags-svg/se.svg",
    "code": "sv_SE"
  },
  {
    "url": "keyboard.sh.htm?language=tr_TR&lang=tr&keyboard=tr&timezone=Europe/Istanbul",
    "name": "Turkish - Turkey",
    "nameOrig": "Türkçe",
    "flag": "/usr/share/circle-flags-svg/tr.svg",
    "code": "tr_TR"
  },
  {
    "url": "keyboard.sh.htm?language=uk_UA&lang=uk&keyboard=ua&timezone=Europe/Kiev",
    "name": "Ukrainian - Ukraine",
    "nameOrig": "українська мова",
    "flag": "/usr/share/circle-flags-svg/ua.svg",
    "code": "uk_UA"
  }
]